id,name
a_0,a_0_company
a_1,a_1_company
a_2,a_2_company
a_3,a_3_company
a_4,a_4_company
a_5,a_5_company
a_6,a_6_company
a_7,a_7_company
a_8,a_8_company
a_9,a_9_company
a_10,a_10_company
a_11,a_11_company
a_12,a_12_company
a_13,a_13_company
a_14,a_14_company
a_15,a_15_company
a_16,a_16_company
a_17,a_17_company
a_18,a_18_company
a_19,a_19_company
a_20,a_20_company
a_21,a_21_company
a_22,a_22_company
a_23,a_23_company
a_24,a_24_company
a_25,a_25_company
a_26,a_26_company
a_27,a_27_company
a_28,a_28_company
a_29,a_29_company
a_30,a_30_company
a_31,a_31_company
a_32,a_32_company
a_33,a_33_company
a_34,a_34_company
a_35,a_35_company
a_36,a_36_company
a_37,a_37_company
a_38,a_38_company
a_39,a_39_company
a_40,a_40_company
a_41,a_41_company
a_42,a_42_company
a_43,a_43_company
a_44,a_44_company
a_45,a_45_company
a_46,a_46_company
a_47,a_47_company
a_48,a_48_company
a_49,a_49_company
a_50,a_50_company
a_51,a_51_company
a_52,a_52_company
a_53,a_53_company
a_54,a_54_company
a_55,a_55_company
a_56,a_56_company
a_57,a_57_company
a_58,a_58_company
a_59,a_59_company
a_60,a_60_company
a_61,a_61_company
a_62,a_62_company
a_63,a_63_company
a_64,a_64_company
a_65,a_65_company
a_66,a_66_company
a_67,a_67_company
a_68,a_68_company
a_69,a_69_company
a_70,a_70_company
a_71,a_71_company
a_72,a_72_company
a_73,a_73_company
a_74,a_74_company
a_75,a_75_company
a_76,a_76_company
a_77,a_77_company
a_78,a_78_company
a_79,a_79_company
a_80,a_80_company
a_81,a_81_company
a_82,a_82_company
a_83,a_83_company
a_84,a_84_company
a_85,a_85_company
a_86,a_86_company
a_87,a_87_company
a_88,a_88_company
a_89,a_89_company
a_90,a_90_company
a_91,a_91_company
a_92,a_92_company
a_93,a_93_company
a_94,a_94_company
a_95,a_95_company
a_96,a_96_company
a_97,a_97_company
a_98,a_98_company
a_99,a_99_company
a_100,a_100_company
a_101,a_101_company
a_102,a_102_company
a_103,a_103_company
a_104,a_104_company
a_105,a_105_company
a_106,a_106_company
a_107,a_107_company
a_108,a_108_company
a_109,a_109_company
a_110,a_110_company
a_111,a_111_company
a_112,a_112_company
a_113,a_113_company
a_114,a_114_company
a_115,a_115_company
a_116,a_116_company
a_117,a_117_company
a_118,a_118_company
a_119,a_119_company
a_120,a_120_company
a_121,a_121_company
a_122,a_122_company
a_123,a_123_company
a_124,a_124_company
a_125,a_125_company
a_126,a_126_company
a_127,a_127_company
a_128,a_128_company
a_129,a_129_company
a_130,a_130_company
a_131,a_131_company
a_132,a_132_company
a_133,a_133_company
a_134,a_134_company
a_135,a_135_company
a_136,a_136_company
a_137,a_137_company
a_138,a_138_company
a_139,a_139_company
a_140,a_140_company
a_141,a_141_company
a_142,a_142_company
a_143,a_143_company
a_144,a_144_company
a_145,a_145_company
a_146,a_146_company
a_147,a_147_company
a_148,a_148_company
a_149,a_149_company
