id,customer_account_id,name
a_0_0,a_0,a_0_0_fin_account
a_0_1,a_0,a_0_1_fin_account
a_0_2,a_0,a_0_2_fin_account
a_0_3,a_0,a_0_3_fin_account
a_0_4,a_0,a_0_4_fin_account
a_1_0,a_1,a_1_0_fin_account
a_1_1,a_1,a_1_1_fin_account
a_1_2,a_1,a_1_2_fin_account
a_2_0,a_2,a_2_0_fin_account
a_2_1,a_2,a_2_1_fin_account
a_2_2,a_2,a_2_2_fin_account
a_2_3,a_2,a_2_3_fin_account
a_2_4,a_2,a_2_4_fin_account
a_2_5,a_2,a_2_5_fin_account
a_3_0,a_3,a_3_0_fin_account
a_3_1,a_3,a_3_1_fin_account
a_3_2,a_3,a_3_2_fin_account
a_4_0,a_4,a_4_0_fin_account
a_4_1,a_4,a_4_1_fin_account
a_4_2,a_4,a_4_2_fin_account
a_5_0,a_5,a_5_0_fin_account
a_5_1,a_5,a_5_1_fin_account
a_5_2,a_5,a_5_2_fin_account
a_5_3,a_5,a_5_3_fin_account
a_6_0,a_6,a_6_0_fin_account
a_6_1,a_6,a_6_1_fin_account
a_6_2,a_6,a_6_2_fin_account
a_6_3,a_6,a_6_3_fin_account
a_6_4,a_6,a_6_4_fin_account
a_7_0,a_7,a_7_0_fin_account
a_7_1,a_7,a_7_1_fin_account
a_7_2,a_7,a_7_2_fin_account
a_8_0,a_8,a_8_0_fin_account
a_8_1,a_8,a_8_1_fin_account
a_8_2,a_8,a_8_2_fin_account
a_9_0,a_9,a_9_0_fin_account
a_9_1,a_9,a_9_1_fin_account
a_9_2,a_9,a_9_2_fin_account
a_9_3,a_9,a_9_3_fin_account
a_10_0,a_10,a_10_0_fin_account
a_10_1,a_10,a_10_1_fin_account
a_10_2,a_10,a_10_2_fin_account
a_10_3,a_10,a_10_3_fin_account
a_11_0,a_11,a_11_0_fin_account
a_11_1,a_11,a_11_1_fin_account
a_11_2,a_11,a_11_2_fin_account
a_11_3,a_11,a_11_3_fin_account
a_12_0,a_12,a_12_0_fin_account
a_12_1,a_12,a_12_1_fin_account
a_12_2,a_12,a_12_2_fin_account
a_12_3,a_12,a_12_3_fin_account
a_13_0,a_13,a_13_0_fin_account
a_13_1,a_13,a_13_1_fin_account
a_13_2,a_13,a_13_2_fin_account
a_14_0,a_14,a_14_0_fin_account
a_14_1,a_14,a_14_1_fin_account
a_15_0,a_15,a_15_0_fin_account
a_15_1,a_15,a_15_1_fin_account
a_15_2,a_15,a_15_2_fin_account
a_15_3,a_15,a_15_3_fin_account
a_15_4,a_15,a_15_4_fin_account
a_15_5,a_15,a_15_5_fin_account
a_16_0,a_16,a_16_0_fin_account
a_16_1,a_16,a_16_1_fin_account
a_16_2,a_16,a_16_2_fin_account
a_17_0,a_17,a_17_0_fin_account
a_17_1,a_17,a_17_1_fin_account
a_17_2,a_17,a_17_2_fin_account
a_17_3,a_17,a_17_3_fin_account
a_18_0,a_18,a_18_0_fin_account
a_18_1,a_18,a_18_1_fin_account
a_18_2,a_18,a_18_2_fin_account
a_19_0,a_19,a_19_0_fin_account
a_19_1,a_19,a_19_1_fin_account
a_19_2,a_19,a_19_2_fin_account
a_19_3,a_19,a_19_3_fin_account
a_19_4,a_19,a_19_4_fin_account
a_20_0,a_20,a_20_0_fin_account
a_20_1,a_20,a_20_1_fin_account
a_20_2,a_20,a_20_2_fin_account
a_20_3,a_20,a_20_3_fin_account
a_20_4,a_20,a_20_4_fin_account
a_20_5,a_20,a_20_5_fin_account
a_21_0,a_21,a_21_0_fin_account
a_21_1,a_21,a_21_1_fin_account
a_21_2,a_21,a_21_2_fin_account
a_22_0,a_22,a_22_0_fin_account
a_22_1,a_22,a_22_1_fin_account
a_22_2,a_22,a_22_2_fin_account
a_22_3,a_22,a_22_3_fin_account
a_22_4,a_22,a_22_4_fin_account
a_22_5,a_22,a_22_5_fin_account
a_23_0,a_23,a_23_0_fin_account
a_23_1,a_23,a_23_1_fin_account
a_23_2,a_23,a_23_2_fin_account
a_23_3,a_23,a_23_3_fin_account
a_23_4,a_23,a_23_4_fin_account
a_23_5,a_23,a_23_5_fin_account
a_24_0,a_24,a_24_0_fin_account
a_24_1,a_24,a_24_1_fin_account
a_24_2,a_24,a_24_2_fin_account
a_24_3,a_24,a_24_3_fin_account
a_24_4,a_24,a_24_4_fin_account
a_25_0,a_25,a_25_0_fin_account
a_25_1,a_25,a_25_1_fin_account
a_25_2,a_25,a_25_2_fin_account
a_25_3,a_25,a_25_3_fin_account
a_26_0,a_26,a_26_0_fin_account
a_26_1,a_26,a_26_1_fin_account
a_26_2,a_26,a_26_2_fin_account
a_26_3,a_26,a_26_3_fin_account
a_26_4,a_26,a_26_4_fin_account
a_27_0,a_27,a_27_0_fin_account
a_27_1,a_27,a_27_1_fin_account
a_27_2,a_27,a_27_2_fin_account
a_27_3,a_27,a_27_3_fin_account
a_27_4,a_27,a_27_4_fin_account
a_28_0,a_28,a_28_0_fin_account
a_28_1,a_28,a_28_1_fin_account
a_29_0,a_29,a_29_0_fin_account
a_29_1,a_29,a_29_1_fin_account
a_29_2,a_29,a_29_2_fin_account
a_29_3,a_29,a_29_3_fin_account
a_30_0,a_30,a_30_0_fin_account
a_30_1,a_30,a_30_1_fin_account
a_30_2,a_30,a_30_2_fin_account
a_30_3,a_30,a_30_3_fin_account
a_31_0,a_31,a_31_0_fin_account
a_31_1,a_31,a_31_1_fin_account
a_32_0,a_32,a_32_0_fin_account
a_32_1,a_32,a_32_1_fin_account
a_33_0,a_33,a_33_0_fin_account
a_33_1,a_33,a_33_1_fin_account
a_33_2,a_33,a_33_2_fin_account
a_33_3,a_33,a_33_3_fin_account
a_34_0,a_34,a_34_0_fin_account
a_34_1,a_34,a_34_1_fin_account
a_34_2,a_34,a_34_2_fin_account
a_34_3,a_34,a_34_3_fin_account
a_35_0,a_35,a_35_0_fin_account
a_35_1,a_35,a_35_1_fin_account
a_35_2,a_35,a_35_2_fin_account
a_35_3,a_35,a_35_3_fin_account
a_36_0,a_36,a_36_0_fin_account
a_36_1,a_36,a_36_1_fin_account
a_36_2,a_36,a_36_2_fin_account
a_37_0,a_37,a_37_0_fin_account
a_37_1,a_37,a_37_1_fin_account
a_37_2,a_37,a_37_2_fin_account
a_37_3,a_37,a_37_3_fin_account
a_37_4,a_37,a_37_4_fin_account
a_38_0,a_38,a_38_0_fin_account
a_38_1,a_38,a_38_1_fin_account
a_38_2,a_38,a_38_2_fin_account
a_38_3,a_38,a_38_3_fin_account
a_38_4,a_38,a_38_4_fin_account
a_39_0,a_39,a_39_0_fin_account
a_39_1,a_39,a_39_1_fin_account
a_39_2,a_39,a_39_2_fin_account
a_40_0,a_40,a_40_0_fin_account
a_40_1,a_40,a_40_1_fin_account
a_40_2,a_40,a_40_2_fin_account
a_40_3,a_40,a_40_3_fin_account
a_41_0,a_41,a_41_0_fin_account
a_41_1,a_41,a_41_1_fin_account
a_41_2,a_41,a_41_2_fin_account
a_41_3,a_41,a_41_3_fin_account
a_42_0,a_42,a_42_0_fin_account
a_42_1,a_42,a_42_1_fin_account
a_42_2,a_42,a_42_2_fin_account
a_42_3,a_42,a_42_3_fin_account
a_42_4,a_42,a_42_4_fin_account
a_43_0,a_43,a_43_0_fin_account
a_43_1,a_43,a_43_1_fin_account
a_44_0,a_44,a_44_0_fin_account
a_44_1,a_44,a_44_1_fin_account
a_44_2,a_44,a_44_2_fin_account
a_44_3,a_44,a_44_3_fin_account
a_45_0,a_45,a_45_0_fin_account
a_45_1,a_45,a_45_1_fin_account
a_45_2,a_45,a_45_2_fin_account
a_46_0,a_46,a_46_0_fin_account
a_46_1,a_46,a_46_1_fin_account
a_46_2,a_46,a_46_2_fin_account
a_46_3,a_46,a_46_3_fin_account
a_46_4,a_46,a_46_4_fin_account
a_46_5,a_46,a_46_5_fin_account
a_47_0,a_47,a_47_0_fin_account
a_47_1,a_47,a_47_1_fin_account
a_47_2,a_47,a_47_2_fin_account
a_48_0,a_48,a_48_0_fin_account
a_48_1,a_48,a_48_1_fin_account
a_48_2,a_48,a_48_2_fin_account
a_48_3,a_48,a_48_3_fin_account
a_49_0,a_49,a_49_0_fin_account
a_49_1,a_49,a_49_1_fin_account
a_50_0,a_50,a_50_0_fin_account
a_50_1,a_50,a_50_1_fin_account
a_50_2,a_50,a_50_2_fin_account
a_50_3,a_50,a_50_3_fin_account
a_51_0,a_51,a_51_0_fin_account
a_51_1,a_51,a_51_1_fin_account
a_51_2,a_51,a_51_2_fin_account
a_52_0,a_52,a_52_0_fin_account
a_52_1,a_52,a_52_1_fin_account
a_52_2,a_52,a_52_2_fin_account
a_52_3,a_52,a_52_3_fin_account
a_52_4,a_52,a_52_4_fin_account
a_52_5,a_52,a_52_5_fin_account
a_53_0,a_53,a_53_0_fin_account
a_53_1,a_53,a_53_1_fin_account
a_53_2,a_53,a_53_2_fin_account
a_53_3,a_53,a_53_3_fin_account
a_54_0,a_54,a_54_0_fin_account
a_54_1,a_54,a_54_1_fin_account
a_54_2,a_54,a_54_2_fin_account
a_54_3,a_54,a_54_3_fin_account
a_54_4,a_54,a_54_4_fin_account
a_54_5,a_54,a_54_5_fin_account
a_55_0,a_55,a_55_0_fin_account
a_55_1,a_55,a_55_1_fin_account
a_56_0,a_56,a_56_0_fin_account
a_56_1,a_56,a_56_1_fin_account
a_56_2,a_56,a_56_2_fin_account
a_56_3,a_56,a_56_3_fin_account
a_56_4,a_56,a_56_4_fin_account
a_56_5,a_56,a_56_5_fin_account
a_57_0,a_57,a_57_0_fin_account
a_57_1,a_57,a_57_1_fin_account
a_58_0,a_58,a_58_0_fin_account
a_58_1,a_58,a_58_1_fin_account
a_58_2,a_58,a_58_2_fin_account
a_58_3,a_58,a_58_3_fin_account
a_59_0,a_59,a_59_0_fin_account
a_59_1,a_59,a_59_1_fin_account
a_59_2,a_59,a_59_2_fin_account
a_60_0,a_60,a_60_0_fin_account
a_60_1,a_60,a_60_1_fin_account
a_60_2,a_60,a_60_2_fin_account
a_61_0,a_61,a_61_0_fin_account
a_61_1,a_61,a_61_1_fin_account
a_61_2,a_61,a_61_2_fin_account
a_61_3,a_61,a_61_3_fin_account
a_62_0,a_62,a_62_0_fin_account
a_62_1,a_62,a_62_1_fin_account
a_62_2,a_62,a_62_2_fin_account
a_62_3,a_62,a_62_3_fin_account
a_62_4,a_62,a_62_4_fin_account
a_62_5,a_62,a_62_5_fin_account
a_63_0,a_63,a_63_0_fin_account
a_63_1,a_63,a_63_1_fin_account
a_63_2,a_63,a_63_2_fin_account
a_63_3,a_63,a_63_3_fin_account
a_64_0,a_64,a_64_0_fin_account
a_64_1,a_64,a_64_1_fin_account
a_64_2,a_64,a_64_2_fin_account
a_64_3,a_64,a_64_3_fin_account
a_65_0,a_65,a_65_0_fin_account
a_65_1,a_65,a_65_1_fin_account
a_65_2,a_65,a_65_2_fin_account
a_65_3,a_65,a_65_3_fin_account
a_66_0,a_66,a_66_0_fin_account
a_66_1,a_66,a_66_1_fin_account
a_67_0,a_67,a_67_0_fin_account
a_67_1,a_67,a_67_1_fin_account
a_68_0,a_68,a_68_0_fin_account
a_68_1,a_68,a_68_1_fin_account
a_68_2,a_68,a_68_2_fin_account
a_68_3,a_68,a_68_3_fin_account
a_68_4,a_68,a_68_4_fin_account
a_69_0,a_69,a_69_0_fin_account
a_69_1,a_69,a_69_1_fin_account
a_69_2,a_69,a_69_2_fin_account
a_69_3,a_69,a_69_3_fin_account
a_69_4,a_69,a_69_4_fin_account
a_70_0,a_70,a_70_0_fin_account
a_70_1,a_70,a_70_1_fin_account
a_70_2,a_70,a_70_2_fin_account
a_70_3,a_70,a_70_3_fin_account
a_70_4,a_70,a_70_4_fin_account
a_70_5,a_70,a_70_5_fin_account
a_71_0,a_71,a_71_0_fin_account
a_71_1,a_71,a_71_1_fin_account
a_71_2,a_71,a_71_2_fin_account
a_72_0,a_72,a_72_0_fin_account
a_72_1,a_72,a_72_1_fin_account
a_73_0,a_73,a_73_0_fin_account
a_73_1,a_73,a_73_1_fin_account
a_73_2,a_73,a_73_2_fin_account
a_74_0,a_74,a_74_0_fin_account
a_74_1,a_74,a_74_1_fin_account
a_74_2,a_74,a_74_2_fin_account
a_74_3,a_74,a_74_3_fin_account
a_74_4,a_74,a_74_4_fin_account
a_75_0,a_75,a_75_0_fin_account
a_75_1,a_75,a_75_1_fin_account
a_75_2,a_75,a_75_2_fin_account
a_75_3,a_75,a_75_3_fin_account
a_76_0,a_76,a_76_0_fin_account
a_76_1,a_76,a_76_1_fin_account
a_76_2,a_76,a_76_2_fin_account
a_77_0,a_77,a_77_0_fin_account
a_77_1,a_77,a_77_1_fin_account
a_77_2,a_77,a_77_2_fin_account
a_77_3,a_77,a_77_3_fin_account
a_77_4,a_77,a_77_4_fin_account
a_78_0,a_78,a_78_0_fin_account
a_78_1,a_78,a_78_1_fin_account
a_78_2,a_78,a_78_2_fin_account
a_78_3,a_78,a_78_3_fin_account
a_78_4,a_78,a_78_4_fin_account
a_79_0,a_79,a_79_0_fin_account
a_79_1,a_79,a_79_1_fin_account
a_79_2,a_79,a_79_2_fin_account
a_80_0,a_80,a_80_0_fin_account
a_80_1,a_80,a_80_1_fin_account
a_80_2,a_80,a_80_2_fin_account
a_81_0,a_81,a_81_0_fin_account
a_81_1,a_81,a_81_1_fin_account
a_81_2,a_81,a_81_2_fin_account
a_81_3,a_81,a_81_3_fin_account
a_82_0,a_82,a_82_0_fin_account
a_82_1,a_82,a_82_1_fin_account
a_82_2,a_82,a_82_2_fin_account
a_83_0,a_83,a_83_0_fin_account
a_83_1,a_83,a_83_1_fin_account
a_83_2,a_83,a_83_2_fin_account
a_83_3,a_83,a_83_3_fin_account
a_84_0,a_84,a_84_0_fin_account
a_84_1,a_84,a_84_1_fin_account
a_84_2,a_84,a_84_2_fin_account
a_84_3,a_84,a_84_3_fin_account
a_84_4,a_84,a_84_4_fin_account
a_85_0,a_85,a_85_0_fin_account
a_85_1,a_85,a_85_1_fin_account
a_85_2,a_85,a_85_2_fin_account
a_86_0,a_86,a_86_0_fin_account
a_86_1,a_86,a_86_1_fin_account
a_86_2,a_86,a_86_2_fin_account
a_86_3,a_86,a_86_3_fin_account
a_86_4,a_86,a_86_4_fin_account
a_87_0,a_87,a_87_0_fin_account
a_87_1,a_87,a_87_1_fin_account
a_87_2,a_87,a_87_2_fin_account
a_88_0,a_88,a_88_0_fin_account
a_88_1,a_88,a_88_1_fin_account
a_88_2,a_88,a_88_2_fin_account
a_88_3,a_88,a_88_3_fin_account
a_89_0,a_89,a_89_0_fin_account
a_89_1,a_89,a_89_1_fin_account
a_90_0,a_90,a_90_0_fin_account
a_90_1,a_90,a_90_1_fin_account
a_90_2,a_90,a_90_2_fin_account
a_91_0,a_91,a_91_0_fin_account
a_91_1,a_91,a_91_1_fin_account
a_92_0,a_92,a_92_0_fin_account
a_92_1,a_92,a_92_1_fin_account
a_92_2,a_92,a_92_2_fin_account
a_92_3,a_92,a_92_3_fin_account
a_93_0,a_93,a_93_0_fin_account
a_93_1,a_93,a_93_1_fin_account
a_93_2,a_93,a_93_2_fin_account
a_93_3,a_93,a_93_3_fin_account
a_93_4,a_93,a_93_4_fin_account
a_93_5,a_93,a_93_5_fin_account
a_94_0,a_94,a_94_0_fin_account
a_94_1,a_94,a_94_1_fin_account
a_94_2,a_94,a_94_2_fin_account
a_94_3,a_94,a_94_3_fin_account
a_95_0,a_95,a_95_0_fin_account
a_95_1,a_95,a_95_1_fin_account
a_95_2,a_95,a_95_2_fin_account
a_95_3,a_95,a_95_3_fin_account
a_95_4,a_95,a_95_4_fin_account
a_96_0,a_96,a_96_0_fin_account
a_96_1,a_96,a_96_1_fin_account
a_96_2,a_96,a_96_2_fin_account
a_97_0,a_97,a_97_0_fin_account
a_97_1,a_97,a_97_1_fin_account
a_97_2,a_97,a_97_2_fin_account
a_98_0,a_98,a_98_0_fin_account
a_98_1,a_98,a_98_1_fin_account
a_98_2,a_98,a_98_2_fin_account
a_99_0,a_99,a_99_0_fin_account
a_99_1,a_99,a_99_1_fin_account
a_99_2,a_99,a_99_2_fin_account
a_99_3,a_99,a_99_3_fin_account
a_100_0,a_100,a_100_0_fin_account
a_100_1,a_100,a_100_1_fin_account
a_100_2,a_100,a_100_2_fin_account
a_101_0,a_101,a_101_0_fin_account
a_101_1,a_101,a_101_1_fin_account
a_101_2,a_101,a_101_2_fin_account
a_101_3,a_101,a_101_3_fin_account
a_102_0,a_102,a_102_0_fin_account
a_102_1,a_102,a_102_1_fin_account
a_102_2,a_102,a_102_2_fin_account
a_103_0,a_103,a_103_0_fin_account
a_103_1,a_103,a_103_1_fin_account
a_103_2,a_103,a_103_2_fin_account
a_103_3,a_103,a_103_3_fin_account
a_103_4,a_103,a_103_4_fin_account
a_103_5,a_103,a_103_5_fin_account
a_104_0,a_104,a_104_0_fin_account
a_104_1,a_104,a_104_1_fin_account
a_104_2,a_104,a_104_2_fin_account
a_104_3,a_104,a_104_3_fin_account
a_104_4,a_104,a_104_4_fin_account
a_104_5,a_104,a_104_5_fin_account
a_105_0,a_105,a_105_0_fin_account
a_105_1,a_105,a_105_1_fin_account
a_105_2,a_105,a_105_2_fin_account
a_105_3,a_105,a_105_3_fin_account
a_105_4,a_105,a_105_4_fin_account
a_105_5,a_105,a_105_5_fin_account
a_106_0,a_106,a_106_0_fin_account
a_106_1,a_106,a_106_1_fin_account
a_106_2,a_106,a_106_2_fin_account
a_106_3,a_106,a_106_3_fin_account
a_106_4,a_106,a_106_4_fin_account
a_107_0,a_107,a_107_0_fin_account
a_107_1,a_107,a_107_1_fin_account
a_107_2,a_107,a_107_2_fin_account
a_108_0,a_108,a_108_0_fin_account
a_108_1,a_108,a_108_1_fin_account
a_108_2,a_108,a_108_2_fin_account
a_109_0,a_109,a_109_0_fin_account
a_109_1,a_109,a_109_1_fin_account
a_109_2,a_109,a_109_2_fin_account
a_110_0,a_110,a_110_0_fin_account
a_110_1,a_110,a_110_1_fin_account
a_110_2,a_110,a_110_2_fin_account
a_110_3,a_110,a_110_3_fin_account
a_110_4,a_110,a_110_4_fin_account
a_110_5,a_110,a_110_5_fin_account
a_111_0,a_111,a_111_0_fin_account
a_111_1,a_111,a_111_1_fin_account
a_111_2,a_111,a_111_2_fin_account
a_111_3,a_111,a_111_3_fin_account
a_111_4,a_111,a_111_4_fin_account
a_112_0,a_112,a_112_0_fin_account
a_112_1,a_112,a_112_1_fin_account
a_112_2,a_112,a_112_2_fin_account
a_112_3,a_112,a_112_3_fin_account
a_113_0,a_113,a_113_0_fin_account
a_113_1,a_113,a_113_1_fin_account
a_114_0,a_114,a_114_0_fin_account
a_114_1,a_114,a_114_1_fin_account
a_114_2,a_114,a_114_2_fin_account
a_115_0,a_115,a_115_0_fin_account
a_115_1,a_115,a_115_1_fin_account
a_115_2,a_115,a_115_2_fin_account
a_115_3,a_115,a_115_3_fin_account
a_115_4,a_115,a_115_4_fin_account
a_115_5,a_115,a_115_5_fin_account
a_116_0,a_116,a_116_0_fin_account
a_116_1,a_116,a_116_1_fin_account
a_116_2,a_116,a_116_2_fin_account
a_116_3,a_116,a_116_3_fin_account
a_116_4,a_116,a_116_4_fin_account
a_117_0,a_117,a_117_0_fin_account
a_117_1,a_117,a_117_1_fin_account
a_117_2,a_117,a_117_2_fin_account
a_118_0,a_118,a_118_0_fin_account
a_118_1,a_118,a_118_1_fin_account
a_118_2,a_118,a_118_2_fin_account
a_118_3,a_118,a_118_3_fin_account
a_118_4,a_118,a_118_4_fin_account
a_119_0,a_119,a_119_0_fin_account
a_119_1,a_119,a_119_1_fin_account
a_119_2,a_119,a_119_2_fin_account
a_119_3,a_119,a_119_3_fin_account
a_119_4,a_119,a_119_4_fin_account
a_119_5,a_119,a_119_5_fin_account
a_120_0,a_120,a_120_0_fin_account
a_120_1,a_120,a_120_1_fin_account
a_120_2,a_120,a_120_2_fin_account
a_120_3,a_120,a_120_3_fin_account
a_121_0,a_121,a_121_0_fin_account
a_121_1,a_121,a_121_1_fin_account
a_122_0,a_122,a_122_0_fin_account
a_122_1,a_122,a_122_1_fin_account
a_122_2,a_122,a_122_2_fin_account
a_122_3,a_122,a_122_3_fin_account
a_123_0,a_123,a_123_0_fin_account
a_123_1,a_123,a_123_1_fin_account
a_124_0,a_124,a_124_0_fin_account
a_124_1,a_124,a_124_1_fin_account
a_124_2,a_124,a_124_2_fin_account
a_124_3,a_124,a_124_3_fin_account
a_124_4,a_124,a_124_4_fin_account
a_124_5,a_124,a_124_5_fin_account
a_125_0,a_125,a_125_0_fin_account
a_125_1,a_125,a_125_1_fin_account
a_125_2,a_125,a_125_2_fin_account
a_125_3,a_125,a_125_3_fin_account
a_125_4,a_125,a_125_4_fin_account
a_125_5,a_125,a_125_5_fin_account
a_126_0,a_126,a_126_0_fin_account
a_126_1,a_126,a_126_1_fin_account
a_126_2,a_126,a_126_2_fin_account
a_126_3,a_126,a_126_3_fin_account
a_127_0,a_127,a_127_0_fin_account
a_127_1,a_127,a_127_1_fin_account
a_128_0,a_128,a_128_0_fin_account
a_128_1,a_128,a_128_1_fin_account
a_128_2,a_128,a_128_2_fin_account
a_128_3,a_128,a_128_3_fin_account
a_128_4,a_128,a_128_4_fin_account
a_128_5,a_128,a_128_5_fin_account
a_129_0,a_129,a_129_0_fin_account
a_129_1,a_129,a_129_1_fin_account
a_129_2,a_129,a_129_2_fin_account
a_129_3,a_129,a_129_3_fin_account
a_130_0,a_130,a_130_0_fin_account
a_130_1,a_130,a_130_1_fin_account
a_130_2,a_130,a_130_2_fin_account
a_130_3,a_130,a_130_3_fin_account
a_131_0,a_131,a_131_0_fin_account
a_131_1,a_131,a_131_1_fin_account
a_131_2,a_131,a_131_2_fin_account
a_132_0,a_132,a_132_0_fin_account
a_132_1,a_132,a_132_1_fin_account
a_132_2,a_132,a_132_2_fin_account
a_132_3,a_132,a_132_3_fin_account
a_133_0,a_133,a_133_0_fin_account
a_133_1,a_133,a_133_1_fin_account
a_133_2,a_133,a_133_2_fin_account
a_133_3,a_133,a_133_3_fin_account
a_134_0,a_134,a_134_0_fin_account
a_134_1,a_134,a_134_1_fin_account
a_134_2,a_134,a_134_2_fin_account
a_134_3,a_134,a_134_3_fin_account
a_135_0,a_135,a_135_0_fin_account
a_135_1,a_135,a_135_1_fin_account
a_135_2,a_135,a_135_2_fin_account
a_135_3,a_135,a_135_3_fin_account
a_135_4,a_135,a_135_4_fin_account
a_136_0,a_136,a_136_0_fin_account
a_136_1,a_136,a_136_1_fin_account
a_136_2,a_136,a_136_2_fin_account
a_136_3,a_136,a_136_3_fin_account
a_137_0,a_137,a_137_0_fin_account
a_137_1,a_137,a_137_1_fin_account
a_138_0,a_138,a_138_0_fin_account
a_138_1,a_138,a_138_1_fin_account
a_138_2,a_138,a_138_2_fin_account
a_139_0,a_139,a_139_0_fin_account
a_139_1,a_139,a_139_1_fin_account
a_140_0,a_140,a_140_0_fin_account
a_140_1,a_140,a_140_1_fin_account
a_140_2,a_140,a_140_2_fin_account
a_140_3,a_140,a_140_3_fin_account
a_140_4,a_140,a_140_4_fin_account
a_141_0,a_141,a_141_0_fin_account
a_141_1,a_141,a_141_1_fin_account
a_141_2,a_141,a_141_2_fin_account
a_141_3,a_141,a_141_3_fin_account
a_142_0,a_142,a_142_0_fin_account
a_142_1,a_142,a_142_1_fin_account
a_142_2,a_142,a_142_2_fin_account
a_142_3,a_142,a_142_3_fin_account
a_143_0,a_143,a_143_0_fin_account
a_143_1,a_143,a_143_1_fin_account
a_143_2,a_143,a_143_2_fin_account
a_143_3,a_143,a_143_3_fin_account
a_143_4,a_143,a_143_4_fin_account
a_143_5,a_143,a_143_5_fin_account
a_144_0,a_144,a_144_0_fin_account
a_144_1,a_144,a_144_1_fin_account
a_144_2,a_144,a_144_2_fin_account
a_144_3,a_144,a_144_3_fin_account
a_145_0,a_145,a_145_0_fin_account
a_145_1,a_145,a_145_1_fin_account
a_145_2,a_145,a_145_2_fin_account
a_145_3,a_145,a_145_3_fin_account
a_145_4,a_145,a_145_4_fin_account
a_146_0,a_146,a_146_0_fin_account
a_146_1,a_146,a_146_1_fin_account
a_146_2,a_146,a_146_2_fin_account
a_147_0,a_147,a_147_0_fin_account
a_147_1,a_147,a_147_1_fin_account
a_147_2,a_147,a_147_2_fin_account
a_147_3,a_147,a_147_3_fin_account
a_148_0,a_148,a_148_0_fin_account
a_148_1,a_148,a_148_1_fin_account
a_148_2,a_148,a_148_2_fin_account
a_148_3,a_148,a_148_3_fin_account
a_149_0,a_149,a_149_0_fin_account
a_149_1,a_149,a_149_1_fin_account
